N	Id	Description	Localization	         Method	Threshold	Avg Score	Cover	Epitope	Start	End	N-Glyc	N-Glyc-Count	N-Glyc-Motifs	Length	kDa	I.P	Avg Hydropathy	Avg Cover
1	O51729	O51729	CytoplasmicMembrane	   BepiPred-3.0	0.15	0.20	-	NNNMNNNGKSN	3	14	N	0	-	11	1.22	8.75	-2.52	0.80
				          Emini	1.00	2.35	1.00	EEEEEEEEEEE         	
				       Kolaskar	1.02	0.83	0.00	...........         	
				    Chou Fosman	0.95	1.39	1.00	EEEEEEEEEEE         	
				 Karplus Schulz	1.00	1.08	1.00	EEEEEEEEEEE         	
				         Parker	1.32	5.48	1.00	EEEEEEEEEEE         	
				    All matches	-	-	0.00	...........         	
				         N-Glyc	-	-	0.00	...........         	
				     Hydropathy	-	-2.52	-	---+-------         	
2	H7C7N8	H7C7N8	OuterMembrane	   BepiPred-3.0	0.15	0.27	-	NRNQENDKDTPYN	197	210	N	0	-	13	1.61	4.56	-3.08	0.80
				          Emini	1.00	3.84	1.00	EEEEEEEEEEEEE         	
				       Kolaskar	1.00	0.90	0.00	.............         	
				    Chou Fosman	1.01	1.24	1.00	EEEEEEEEEEEEE         	
				 Karplus Schulz	1.01	1.08	1.00	EEEEEEEEEEEEE         	
				         Parker	1.59	5.96	1.00	EEEEEEEEEEEEE         	
				    All matches	-	-	0.00	.............         	
				         N-Glyc	-	-	0.00	.............         	
				     Hydropathy	-	-3.08	-	-------------         	
3	H7C7N8	H7C7N8	OuterMembrane	   BepiPred-3.0	0.15	0.28	-	ENYPTTISSTTENNQTEQSSTSTKTTTPN	483	512	Y	1	NQT[14:16]	29	3.16	4.25	-1.60	0.77
				          Emini	1.00	1.94	0.79	EEEE.....EEEEEEEEEEEEEEEEEEE.         	
				       Kolaskar	1.00	0.95	0.14	EEE..E.......................         	
				    Chou Fosman	1.01	1.10	0.97	EEEEEEEE.EEEEEEEEEEEEEEEEEEEE         	
				 Karplus Schulz	1.01	1.08	1.00	EEEEEEEEEEEEEEEEEEEEEEEEEEEEE         	
				         Parker	1.59	4.68	0.97	EEEEEEEEEEEEEEEEEEEEEEEEEEEE.         	
				    All matches	-	-	0.10	EEE..........................         	
				         N-Glyc	-	-	0.10	.............EEE.............         	
				     Hydropathy	-	-1.60	-	------+----------------------         	
4	O50980	O50980	CytoplasmicMembrane	   BepiPred-3.0	0.15	0.21	-	PYGGDAAKWGIQPN	127	141	N	0	-	14	1.47	6.26	-0.92	0.74
				          Emini	1.00	1.51	0.86	.EEEEEE.EEEEEE         	
				       Kolaskar	1.07	0.98	0.00	..............         	
				    Chou Fosman	0.91	1.13	0.93	EEEEEEEE.EEEEE         	
				 Karplus Schulz	0.96	1.01	0.93	.EEEEEEEEEEEEE         	
				         Parker	-0.94	1.60	1.00	EEEEEEEEEEEEEE         	
				    All matches	-	-	0.00	..............         	
				         N-Glyc	-	-	0.00	..............         	
				     Hydropathy	-	-0.92	-	-----++---+---         	
5	Q44912	Q44912	Cytoplasmic	   BepiPred-3.0	0.15	0.22	-	IENGMRKREYK	404	415	N	0	-	11	1.42	9.70	-2.05	0.62
				          Emini	1.00	2.57	0.73	...EEEEEEEE         	
				       Kolaskar	1.02	0.93	0.00	...........         	
				    Chou Fosman	0.94	0.98	0.73	E..EEEE.EEE         	
				 Karplus Schulz	1.01	1.02	0.82	..EEEEEEEEE         	
				         Parker	1.35	2.58	0.82	E..EEEEEEEE         	
				    All matches	-	-	0.00	...........         	
				         N-Glyc	-	-	0.00	...........         	
				     Hydropathy	-	-2.05	-	+---+------         	
6	O50917	O50917	Cytoplasmic	   BepiPred-3.0	0.15	0.27	-	HTKNYCTLKKKENSTFTDEKCKNN	167	24	Y	1	NST[13:15]	24	2.88	9.14	-1.85	0.61
				          Emini	1.00	1.53	0.63	EE.E....EEEEEEEEE.EEE...         	
				       Kolaskar	1.01	0.86	0.33	.EEEEEEEE...............         	
				    Chou Fosman	0.94	0.92	0.83	EEEEEEEE.EEEEEEEEEEEE...         	
				 Karplus Schulz	1.01	0.86	0.54	.E......EEEEEEEEEEEE....         	
				         Parker	2.00	3.31	0.71	EEEE....EEEEEEEEEEEEE...         	
				    All matches	-	-	0.04	.E......................         	
				         N-Glyc	-	-	0.13	............EEE.........         	
				     Hydropathy	-	-1.85	-	-----+-+-------+----+---         	
7	O50917	O50917	Cytoplasmic	   BepiPred-3.0	0.15	0.24	-	KETGSSGEFS	103	113	N	0	-	10	1.03	4.53	-1.20	0.58
				          Emini	1.00	0.83	0.20	E.E.......         	
				       Kolaskar	1.01	0.96	0.00	..........         	
				    Chou Fosman	0.94	1.11	1.00	EEEEEEEEEE         	
				 Karplus Schulz	1.01	1.07	0.80	EEEEEEEE..         	
				         Parker	2.00	3.94	0.90	EEEEEEEEE.         	
				    All matches	-	-	0.00	..........         	
				         N-Glyc	-	-	0.00	..........         	
				     Hydropathy	-	-1.20	-	--------+-         	
8	O50917	O50917	Cytoplasmic	   BepiPred-3.0	0.15	0.25	-	ALKGVNFDAFKDKKTGSGVSENPFILE	53	80	N	0	-	27	2.91	6.26	-0.34	0.47
				          Emini	1.00	0.89	0.22	.........EEEEEE............         	
				       Kolaskar	1.01	1.00	0.41	.EEEE.EE.............EE.EEE         	
				    Chou Fosman	0.94	1.03	0.70	E...EEE.EEEEEEEEEEEEEEE....         	
				 Karplus Schulz	1.01	1.02	0.48	..........EEEEEEEEEEEEE....         	
				         Parker	2.00	2.24	0.56	E....E..EEEEEEEEEEEEE......         	
				    All matches	-	-	0.00	...........................         	
				         N-Glyc	-	-	0.00	...........................         	
				     Hydropathy	-	-0.34	-	++--+-+-++--------+----+++-         	
